{"cameraMode":{"drawMode":0,"name":"Shaded","section":"Shading Mode"},"sceneLighting":true,"audioPlay":false,"sceneViewState":{"m_AlwaysRefresh":false,"showFog":true,"showSkybox":true,"showFlares":true,"showImageEffects":true,"showParticleSystems":true,"showVisualEffectGraphs":true,"m_FxEnabled":true},"in2DMode":false,"pivot":{"x":7.042062759399414,"y":1.402536392211914,"z":41.541839599609378},"rotation":{"x":0.18786829710006715,"y":0.014448592439293862,"z":-0.0027576282154768707,"w":0.9820966124534607},"size":1.2315753698349,"orthographic":false}